art,datum,detail,ort,latitude,longitude
Hochwasser,15.11.2023,Hochwasser in der Südwestschweiz,Südwestschweiz,46.45929368,6.888751889
Hochwasser,22.09.2023,Starker Gewitterregen im Tessin und Graubünden,Tessin,46.3351913,8.7525902
Hochwasser,27.08.2023,Starker Gewitterregen im Tessin und Graubünden,Graubünden,46.6960615,9.6027351
Sturzflut 3,07.06.2023,Sturzflut bei Torricella-Crana (TI),Torricella-Crana,46.07374184,8.893509263
Sturzflut 2,07.05.2023,Sturzflut am Napf (BE),Napf,47.0040019,7.9399419
Sturzflut 3,08.09.2022,Sturzflut im Malcantone (TI),Malcantone,46.0503546,8.8840822
Sturzflut 1,26.08.2022,Sturzflut in Luzern (LU),Luzern,47.0505452,8.3054682
Sturzflut 3,26.08.2022,Sturzflut in Ebnat Kappel (SG),Ebnat Kappel,47.2635337,9.1233561
Hochwasser,19.08.2022,Starkregen entlang der östlichen Voralpen,östliche Voralpen,47.10487133,9.238975791
Sturzflut 3,07.08.2022,Sturzflut im Malcantone (TI),Malcantone,46.0503546,8.8840822
Sturzflut 2,05.08.2022,Sturzflut bei Château-dŒx (VD),Chateau-d'Oex,46.4739581,7.13056
Sturzflut 1,05.08.2022,Sturzflut bei Eglisau und Glattfelden (ZH),Glattfelden,47.559752,8.5008282
Sturzflut 1,04.07.2022,Sturzflut bei Kriens und Horw (LU),Horw,47.0185008,8.3107797
Sturzflut 2,04.07.2022,Sturzflut bei Schwende und Brülisau (AI),Brülisau,47.2970696,9.4561264
Sturzflut 2,04.07.2022,Sturzflut bei Schangnau (BE) mit Hochwasser der Emme,Schangau,46.82562316,7.864362173
Sturzflut 1,23.05.2022,Sturzflut in Luzern (LU),Luzern,47.0505452,8.3054682
Sturzflut 2,05.05.2022,Sturzflut bei Zell (ZH),Zell,47.448026,8.8227739
Hochwasser,29.12.2021,Starkregen und Hochwasser bei Leuggelbach (GL),Leuggelbach,46.9773749,9.0458271
Sturzflut 2,16.09.2021,Sturzflut bei Lyss und Aarberg (BE),Aarberg,47.0443346,7.2753004
Hochwasser,07.08.2021,Starke Gewitterregen in der Magadinoebene,Magiadinoebene,46.16535977,8.921595161
Hochwasser,27.07.2021,Starker Gewitterregen im Südtessin,Tessin,46.3351913,8.7525902
Sturzflut 1,26.07.2021,Sturzflut von Trimbach (SO) bis Stüsslingen (SO),Trimbach,47.3631152,7.9023314
Sturzflut 1,26.07.2021,Sturzfluten im Kanton Schwyz (SZ),Schwyz,47.0571976,8.7222073
Sturzflut 3,25.07.2021,Sturzflut bei Meierskappel (LU),Meierskappel,47.1239632,8.4435423
Sturzflut 2,25.07.2021,Sturzflut bei Wolhusen (LU),Wolhusen,47.0580138,8.0725617
Sturzflut 3,24.07.2021,"Sturzflut in Appenzell (AI), 30.1mm / 10 min.",Appenzell,47.3299506,9.4099311
Sturzflut 1,15.07.2021,Sturzflut in Schleitheim und Beggingen (SH),Beggingen,47.7666674,8.5363808
Hochwasser,19.07.2021,"Hochwasser Vierwaldstättersee, Thunersee, Bielersee, Neuenburgersee, Zürichsee",Waldenburg,47.3833615,7.7485063
Sturzflut 1,24.06.2021,Sturzflut bei Pfaffnau (LU),Pfaffnau,47.2273716,7.8984229
Sturzflut 2,23.06.2021,Sturzfluten von Waldenburg (BL) bis Zunzgen (BL),Waldenburg,47.3833615,7.7485063
Sturzflut 2,23.06.2021,Sturzflut in Villeret (BE),Villeret,47.1582838,7.0177694
Sturzflut 1,22.06.2021,Sturzflut in Cressier (NE),Cressier,46.8986683,7.1417574
Sturzflut 1,09.06.2021,Sturzflut bei Sattel (SZ),Sattel,47.0933842,8.6694322
Sturzflut 1,09.06.2021,Sturzflut bei Schüpfheim (LU),Schüpfheim,46.9517174,8.017953
Sturzflut 2,09.06.2021,Sturzflut Schwägalp (AR) bis Nesslau (SG),Nesslau,47.2226153,9.2020206
Sturzflut 1,09.06.2021,Sturzflut bei Schleitheim (SH),Schleitheim,47.7488818,8.4845902
Sturzflut 1,08.06.2021,Sturzflut bei Klingnau (AG),Klingnau,47.5810046,8.2500088
Sturzflut 2,08.06.2021,Sturzflut bei Wagenhausen (TG),Wagenhausen,47.6590751,8.8503702
Sturzflut 2,07.06.2021,Sturzflut auf der Nordseite des Ottenbergs bei Hugelshofen (TG) und Dotnacht (TG),Hugelshofen,47.598643,9.1152004
Sturzflut 1,07.06.2021,"Sturzfluten im Tösstal, Kollbrunn (ZH) bis Bauma (ZH)",Kollbrunn (ZH) ,47.4578738,8.7759968
Hochwasser,03.10.2020,Starker Gewitterregen im Tessin und am Simplon,Tessin,46.3351913,8.7525902
Hochwasser,30.08.2020,Ergiebige Niederschläge auf der Alpensüdseite und in der Ostschweiz,Alpensüdseite,46.53285834,8.608945434
Sturzflut 1,12.08.2020,Sturzflut auf der Alp Otteren (BE) und bei Zweisimmen (BE),Alp Otteren (BE),46.5428654,7.546689205
Sturzflut 2,02.08.2020,Sturzflut bei Basadingen (TG),Basadingen,47.6690315,8.7449691
Sturzflut 2,22.07.2020,Sturzflut bei Jaun (FR) und Schwarzsee (FR),Jaun,46.6113953,7.2761312
Sturzflut 1,02.07.2020,Sturzfluten von Malters (LU) bis Eschenbach (LU),Malters,47.0383996,8.1830555
Sturzflut 2,26.06.2020,"Sturzflut bei Rothenburg (LU), Emmen (LU) und Muri (AG)",Rothenburg (LU),47.09380335,8.271001443
Sturzflut 1,17.06.2020,Sturzflut bei Gunten (BE),Gunten,47.5335081,8.8260171
Hochwasser,07.06.2020,Starkregen im Tessin (TI),Tessin,46.3351913,8.7525902
Sturzflut 1,11.08.2019,Sturzflut durch Superzelle bei Chamoson (VS),Chamoson,46.2013342,7.2232538
Sturzflut 2,22.06.2019,Sturzflut bei Urnäsch (AR),Urnäsch,47.3178621,9.2834506
Sturzflut 3,21.06.2019,Sturzflut bei Le Pâquier im Val-de-Ruz (NE),Le Paquier,46.5950644,7.0527454
Sturzflut 2,15.06.2019,Sturzflut in Corcelles sur Chavornay (VD) und Cossonay (VD),Corcells sur Chavornay (VD),46.70303898,6.602967284
Hochwasser,12.06.2019,"Starkregen im Tessin (TI), Binntal (VS), Reusstal (UR), Misox und Splügen (GR)",Binntal,46.3636082,8.1825814
Hochwasser,21.05.2019,Hochwasser der Thur im Toggenburg (SG),Toggenburg,47.180949,9.32019222
Hochwasser,30.10.2018,Ergiebige Niederschläge auf der Alpensüdseite,Alpensüdseite,46.53285834,8.608945434
Sturzflut 1,13.09.2018,Sturzflut bei Langnau im Emmental (BE),Langnau,46.9392339,7.7882673
Sturzflut 2,13.09.2018,Sturzflut von Hochdorf (LU) bis Sempach (LU),Hochdorf,47.1665361,8.2899709
Sturzflut 1,23.08.2018,Sturzflut im Grossraum Dietikon (ZH),Dietikon,47.4068827,8.4020894
Sturzflut 1,17.08.2018,Sturzflut in Zollikofen (BE),Zollikofen,46.9959463,7.4576417
Sturzflut 2,08.08.2018,Sturzflut im Westen des Bezirk Waldenburg (BL),Waldenburg,47.3833615,7.7485063
Sturzflut 3,06.08.2018,Sturzflut in Sitten (VS),Sitten,46.2311749,7.3588795
Sturzflut 2,01.08.2018,Sturzflut bei Steinach (SG),Steinach,47.5006106,9.4390653
Sturzflut 1,01.08.2018,Sturzflut bei Ettenhausen (TG),Ettenhausen,47.4780375,8.8980463
Sturzflut 1,01.08.2018,Sturzflut bei Beringen (SH),Beringen,47.6975693,8.5733833
Sturzflut 2,28.07.2018,Sturzflut bei Cadenazzo (TI),Cadenazzo,46.1509953,8.9458762
Sturzflut 1,20.07.2018,Sturzflut im Calfeisental bei St. Martin (SG),St. Martin (SG),47.0478147,9.4134708
Sturzflut 1,15.07.2018,Sturzflut bei Zuzwil (SG),Zuzwil,47.0514104,7.4715761
Sturzflut 1,06.07.2018,Sturzflut bei Neuhausen (SH),Neuhausen,47.6811644,8.6197347
Hochwasser,13.06.2018,Hochwasser der Birs im Bezirk Laufen (BL),Birs,47.3938837,7.433682
Hochwasser,13.06.2018,Sturzflut bei Mervelier (JU) und Hochwasser des Scheltenbachs im Bezirk Delsberg (JU),Mervelier (JU),47.34412815,7.498174785
Sturzflut 3,11.06.2018,Sturzflut in Lausanne (VD),Lausanne,46.5218269,6.6327025
Sturzflut 2,08.06.2018,Sturzflut in Opfikon (ZH) und Wallisellen (ZH),Opfikon,47.4322671,8.5779983
Sturzflut 1,08.06.2018,Sturzflut im Bezirk Frauenfeld (TG),Frauenfeld,47.5561915,8.8963347
Sturzflut 1,04.06.2018,Sturzflut bei Egerkingen (SO),Egerkingen,47.3225009,7.7947889
Sturzflut 1,04.06.2018,Sturzflut in Allschwil (BL),Allschwil,47.5510799,7.5365611
Sturzflut 2,04.06.2018,Sturzflut in Zollbrück (BE),Zollbrück,46.9749427,7.7354264
Sturzflut 2,04.06.2018,Sturzflut bei Saint-Imier (BE) und Villeret (BE),Saint-Imier (BE),47.151775,6.9971967
Sturzflut 1,31.05.2018,Sturzflut bei Yverdon (VD),Yverdon,46.7785711,6.6409158
Sturzflut 3,30.05.2018,Sturzflut nordöstlich der Lägern (ZH),Lägern,47.4818175,8.3938512
Sturzflut 1,26.05.2018,Sturzflut bei Münsingen (BE),Münsingen,46.8739775,7.5631943
Sturzflut 1,23.05.2018,Sturzflut bei Steinhausen (ZG),Steinhausen,47.1975084,8.4860144
Sturzflut 1,22.05.2018,Sturzflut am Littauerberg (LU),Littauerberg,47.06396722,8.233240331
Sturzflut 2,22.05.2018,Sturzflut von Lützelflüh (BE) bis Kehrsatz (BE),Lützelflüh,47.0093461,7.6886004
Hochwasser,02.09.2017,"Hochwasser Ostschweiz, Kantone St.Gallen und Appenzell Ausserrhoden",Ostschweiz,47.2483004,9.4801995
Sturzflut 3,31.08.2017,Sturzflut im Maggiatal (TI),Maggiatal,46.2603889,8.6889808
Sturzflut 1,24.08.2017,Sturzflut bei Steinhausen (ZG),Steinhausen,47.1975084,8.4860144
Sturzflut 2,24.08.2017,Sturzflut bei Vallorbe (VD),Vallorbe,46.7120146,6.3792318
Sturzflut 2,18.08.2017,Sturzflut bei Zug (ZG),Zug,47.1486137,8.5539378
Sturzflut 1,01.08.2017,Sturzflut bei Sanetsch (VS),Sanetsch,46.3859341,7.2675607
Sturzflut 2,29.07.2017,"Sturzflut im Val S-charl (GR), im Valsot (GR) und am Flüelapass (GR)",S-charl (GR),46.7154679,10.3347629
Sturzflut 1,29.07.2017,Sturzflut bei Engelberg (OW),Engelberg,46.8223497,8.4043996
Sturzflut 2,21.07.2017,Sturzflut in Konolfingen (BE),Konolfingen,46.879415,7.6209846
Sturzflut 1,18.07.2017,Sturzflut Meiental (UR),Meiental,46.8995125,7.582774
Sturzflut 1,21.07.2017,Sturzflut Muehleberg (BE),Muehleberg,46.9533705,7.2615937
Sturzflut 3,08.07.2017,Starkniederschläge und Sturzflut im Bezirk Zofingen (AG),Zofingen,47.288491,7.9458259
Sturzflut 3,25.06.2017,Sturzflut bei Lugano (TI),Lugano,46.0050102,8.9520281
Sturzflut 1,03.06.2017,Sturzflut Schangnau (BE) bis Flühli Thorbach (LU),Schangau,46.82562316,7.864362173
Sturzflut 1,30.05.2017,Sturzflut Heimiswil (BE),Heimiswil,47.0625989,7.6572587
Sturzflut 2,30.05.2017,Sturzflut Rohrbachgraben (BE),Rohrbachgraben,47.1183746,7.7983862
Sturzflut 2,28.05.2017,Sturzflut Marbachegg (LU),Marbachegg,46.8345927,7.9058214
Sturzflut 1,28.08.2016,Sturzflut bei Arisdorf (BL),Arisdorf,47.5123916,7.7654983
Sturzflut 2,15.08.2016,Sturzflut im Val de Travers (NE),Val de Travers,46.9188206,6.582627571
Sturzflut 2,14.08.2016,Sturzflut bei Chur (GR),Chur,46.854747,9.5264904
Sturzflut 1,27.07.2016,Sturzflut bei Flühli im Entlebuch (LU),Entlebuch,46.9922358,8.0645622
Sturzflut 1,27.07.2016,Sturzflut bei Schwendi im Weisstannental (SG),Weisstannental,46.9899198,9.3415776
Sturzflut 2,26.07.2016,Sturzflut bei Röthenbach (BE),Röthenbach,46.8536951,7.7435504
Sturzflut 2,26.07.2016,Sturzflut bei Wollerau (SZ),Wollerau,47.1957261,8.7194595
Sturzflut 2,25.07.2016,Sturzflut in Pfungen (ZH),Pfungen,47.5161123,8.6454232
Sturzflut 1,24.07.2016,Sturzflut bei Oberwil (ZG),Oberwil,47.5136942,7.5527853
Sturzflut 1,24.07.2016,Sturzflut bei Stäfa (ZH),Stäfa,47.2413349,8.7348747
Sturzflut 1,23.07.2016,Sturzflut bei Jassbach - Röthenbach (BE),Röthenbach,46.8536951,7.7435504
Sturzflut 1,22.07.2016,Sturzflut bei Hinwil (ZH),Hinwil,47.3015316,8.8419423
Sturzflut 1,22.07.2016,Sturzflut bei Bubendorf (BL),Bubendorf,47.446684,7.73535
Sturzflut 1,22.07.2016,Sturzflut an der La Côte (VD),La Côte (VD),46.9431415,7.0225152
Hochwasser,12.07.2016,Hochwasser im Uerkental (AG),Uerkental,47.36327781,8.044896183
Sturzflut 1,12.07.2016,Sturzflut im Oberaargau (BE),Oberaargau,47.1704896,7.777168833
Sturzflut 1,25.06.2016,Sturzflut bei Muttenz (BL),Muttenz,47.525113,7.6477401
Sturzflut 1,25.06.2016,Sturzflut bei Zunzgen (BL),Zunzgen,47.4504005,7.80462
Sturzflut 1,25.06.2016,Sturzflut bei Interlaken (BE),Interlaken,46.6855231,7.8585139
Sturzflut 1,24.06.2016,Sturzflut im Klettgau (SH),Klettgau,47.6989763,8.526679827
Sturzflut 3,24.06.2016,Sturzflut in Plasselb (FR),Plasselb,46.7354779,7.2516771
Hochwasser,24.06.2016,Hochwasser der Minster (SZ),Minster,47.0544045,8.7894452
Sturzflut 1,24.06.2016,Sturzflut bei Einsiedeln (SZ),Einsiedeln,47.1286095,8.7500299
Sturzflut 2,24.06.2016,Sturzflut in Muotathal (SZ),Muotathal,46.974668,8.7658029
Sturzflut 1,24.06.2016,Sturzflut in Unterterzen (SG),Unterterzen,47.1139539,9.2522904
Sturzflut 1,24.06.2016,Sturzflut in Sarnen (OW),Sarnen,46.8956729,8.2461492
Hochwasser,20.06.2016,Hochwasser am Bodensee,Bodensee,47.5170476,9.505267395
Hochwasser,17.06.2016,Hochwasser am Rhein (SG),Rhein,47.66526,9.13513
Sturzflut 1,15.06.2016,Sturzflut im Mönthal (AG),Mönthal,47.5183755,8.1439869
Sturzflut 1,09.06.2016,Sturzflut in Glarus Nord (GL),Glarus,46.9796562,9.108812
Sturzflut 1,08.06.2016,Sturzflut bei Überstorf (FR),Überstorf,46.87079625,7.310339
Sturzflut 1,08.06.2016,Sturzflut im Bezirk Liestal (BL),Liestal,47.4839723,7.7347783
Sturzflut 1,08.06.2016,Sturzflut im Fricktal (AG),Fricktal,47.55611585,7.807021507
Sturzflut 1,08.06.2016,Sturzflut im unteren Bünztal (AG),Bünztal,47.3741237,8.2259267
Sturzflut 1,07.06.2016,Sturzflut bei Buix (JU),Buix,47.4806835,7.0301046
Sturzflut 1,04.06.2016,Sturzflut bei Wikon (LU) und Brittnau (AG),Wikon(LU),47.2628109,7.9675995
Sturzflut 1,04.06.2016,Sturzflut bei La Roche (FR),La Roche,46.6966582,7.1393476
Sturzflut 1,04.06.2016,Sturzflut bei Luechingen (SG),Luechingen,47.3859962,9.5533402
Sturzflut 1,03.06.2016,Sturzflut bei Malters (LU),Malters,47.0383996,8.1830555
Sturzflut 1,03.06.2016,Sturzflut bei Grosswangen (LU),Grosswangen,47.1322635,8.0491183
Sturzflut 1,14.05.2016,Sturzflut bei Muttenz (BL),Muttenz,47.525113,7.6477401
Sturzflut 1,14.05.2016,Sturzflut bei Lupfig (AG),Lupfig,47.4397165,8.2013965
Sturzflut 1,14.05.2016,Sturzflut bei Hallau (SH),Hallau,47.6965281,8.4578613
Hochwasser,13.05.2016,"Hochwasser am Jurasüdfuss (SO,BE)",Jurasüdfuss,47.26171797,7.629470457
Sturzflut 1,09.08.2015,Sturzflut im Oberthurgau (TG),Oberthurgau,47.5578893,9.374228071
Sturzflut 2,09.08.2015,Sturzflut in Schwendi im Weisstannental (SG),Weisstannental,46.9899198,9.3415776
Sturzflut 1,24.07.2015,Sturzflut bei Stechelberg (BE),Stechelberg,46.5450161,7.9021989
Sturzflut 2,24.07.2015,Sturzflut am Albristhorn (BE),Albristhorn,46.4970621,7.489344
Sturzflut 2,24.07.2015,Sturzflut im Val S-charl und bei Scuol (GR),S-charl (GR),46.7154679,10.3347629
Sturzflut 2,20.07.2015,Sturzflut bei Acquarossa (TI),Acquarossa,46.4550268,8.9422833
Sturzflut 1,14.06.2015,Sturzflut in Zofingen und Umgebung (AG/SO),Zofingen,47.288491,7.9458259
Sturzflut 1,14.06.2015,Sturzflut in Pratteln (BL),Pratteln,47.5192013,7.6944741
Sturzflut 2,14.06.2015,Sturzflut in Kradolf-Schönenberg und Umgebung (TG),Kradolf-Schönenberg,47.51606165,9.186619197
Sturzflut 2,14.06.2015,Sturzflut in Bronschhofen und Umgebung (SG),Bronschhofen,47.4756613,9.0369696
Sturzflut 3,14.06.2015,Sturzflut in Ins (BE),Ins (BE),47.0058984,7.1056472
Sturzflut 2,13.06.2015,Sturzflut in Ober- und Unterlangenegg (BE),Oberlangenegg (BE),46.799803,7.734264
Sturzflut 1,12.06.2015,Sturzflut in Frenkendorf (BL),Frenkendorf,47.5028543,7.7138283
Sturzflut 2,07.06.2015,Sturzflut in Schlieren und Umgebung (ZH),Schlieren,47.3965147,8.4444861
Sturzflut 2,07.06.2015,Sturzflut in Mühlau (AG),Mühlau,47.2291056,8.3886537
Sturzflut 2,07.06.2015,Sturzflut in Giswil (OW),Giswil,46.838175,8.1880027
Sturzflut 2,07.06.2015,Sturzflut in Dierikon und Umgebung (LU),Dierikon,47.0969574,8.3692841
Hochwasser,06.05.2015,"Hochwasser an der Aare, Thunersee bis Bielersee (BE)",Thunersee,46.700524,7.697997056
Sturzflut 1,02.05.2015,Sturzflut in St-Gingolph (VS),St.Gingolph,46.37071065,6.816906103
Hochwasser,02.05.2015,Hochwasser an der Arve (GE),Arve,47.5587709,7.581662496
Hochwasser,02.05.2015,Hochwasser im Chablais (VS),Chablais,46.956617,7.1271545
Hochwasser,02.05.2015,"Hochwasser am Jurasüdfuss (BE, SO, AG)",Jurasüdfuss,47.26171797,7.629470457
Sturzflut 2,27.04.2015,Sturzflut in Mörschwil und Umgebung (SG),Mörschwil,47.4675534,9.4227493
Hochwasser,27.04.2015,Überschwemmung bei Rotkreuz (ZG),Rotkreuz,47.1417024,8.4305526
Sturzflut 1,27.04.2015,Sturzflut in Blonay (VD),Blonay,46.4650397,6.8951981
Hochwasser,17.11.2014,"Hochwasser Tessin, Lago Maggiore und Lago di Lugano",Tessin,46.3351913,8.7525902
Sturzflut 1,05.11.2014,Starkniederschläge im Tessin (Erdrutsch in Bombinasco TI),Tessin,46.3351913,8.7525902
Hochwasser,13.08.2014,Hochwasser Albulatal (GR),Albulatal,46.6711923,9.685813705
Hochwasser,11.08.2014,Hochwasser Gürbetal (BE),Gürbetal,46.8369645,7.5115617
Hochwasser,01.08.2014,Hochwasser Simmental (BE),Simmental,46.657719,7.469597
Sturzflut 2,28.07.2014,Sturzflut in Altstätten (SG),Altstätten,47.3782189,9.5413964
Sturzflut 1,28.07.2014,Sturzflut in Samstagern (ZH),Samstagern,47.1119253,8.7077526
Sturzflut 1,28.07.2014,Sturzflut am Sempachersee (LU),Sempachersee,47.1458589,8.15272315
Sturzflut 3,28.07.2014,Sturzflut im Napfbergland (LU / BE),Napf,47.0040019,7.9399419
Sturzflut 1,28.07.2014,Sturzflut in Oberthal und Zäziwil (BE),Zäziwil,46.9010154,7.6611309
Hochwasser,24.07.2014,Hochwasser Emmental (BE),Emmental,46.864876,8.0015102
Sturzflut 1,24.07.2014,Sturzflut in Burgistein (BE),Burgistein,46.7913175,7.500478
Sturzflut 1,24.07.2014,Sturzflut in Brienz (BE),Brienz,46.7560001,8.0303006
Sturzflut 3,24.07.2014,Sturzflut in Bumbach (BE),Bumbach,46.813708,7.900292
Hochwasser,22.07.2014,Hochwasser im Zürcher Oberland (ZH),Zürcher Oberland,46.5869575,7.6464814
Hochwasser,22.07.2014,Hochwasser im Berner Oberland (BE),Berner Oberland,46.5668072,8.020541882
Sturzflut 2,14.07.2014,Sturzflut in Obernau (LU),Obernau,47.032099,8.2535873
Sturzflut 1,12.07.2014,Sturzflut in Wiesendangen und Rickenbach (ZH),Rickenbach,47.221267,8.1535369
Sturzflut 2,12.07.2014,Sturzflut in Thörishaus (BE),Thörishaus,46.8912014,7.357303968
Sturzflut 1,12.07.2014,Sturzflut in Dietwil (AG),Dietwil,47.1483703,8.3930952
Sturzflut 1,12.07.2014,Sturzflut in Schänis (SG),Schänis,47.1591758,9.0466793
Sturzflut 1,06.07.2014,Überflutungen zwischen La Chaux-de-Fonds (NE) und Le Locle (NE),La Chaux-de-Fonds (NE),47.1031321,6.8325778
Sturzflut 1,23.06.2014,Starkniederschläge und Überschwemmungen im Raum Solothurn (SO),Solothurn,47.31874,7.6698284
Sturzflut 1,23.06.2014,Sturzflut in Chur (GR),Chur,46.854747,9.5264904
Sturzflut 2,12.06.2014,Sturzflut im Weisstannental (SG),Weisstannental,46.9899198,9.3415776
Sturzflut 2,10.06.2014,Sturzflut in Wartau (SG),Wartau,47.0926493,9.454809218
Sturzflut 1,26.05.2014,Sturzflut in Bischofszell (TG),Bischofszell,47.4937698,9.2409168
Sturzflut 1,25.04.2014,Überschwemmungen in Marly (FR) südlich von Freiburg (FR),Marly,46.7747743,7.1601827
Sturzflut 1,08.08.2013,Sturzflut und Erdrutsche bei Acquarossa (TI) im Bleniotal,Aquarossa,46.45564811,8.931685066
Hochwasser,29.07.2013,Überschwemmungen in Villeneuve (VD),Villeneuve,46.3965712,6.9248129
Sturzflut 1,29.07.2013,Sturzflut im Grossraum Lugano (TI),Lugano,46.0050102,8.9520281
Sturzflut 2,20.07.2013,Sturzfluten in Saas im Prättigau (GR),Prättigau,46.9820099,9.6368062
Sturzflut 1,09.07.2013,Sturzflut in Les Diablerets (VD),Les Diablerets,46.3511021,7.1566435
Sturzflut 1,08.07.2013,Sturzflut in Saxon (VS),Saxon,46.1452873,7.1807405
Sturzflut 1,02.07.2013,Sturzflut in Couvet (NE) - Val de Travers,Couvet (NE),46.9261639,6.6343244
Sturzflut 1,15.06.2013,Sturzflut in Root (LU),Root,47.1153443,8.3911091
Sturzflut 2,09.06.2013,Sturzflut in Moudon (VD),Moudon,46.6680664,6.8003478
Hochwasser,02.06.2013,Hochwasser Ostschweiz und Hochrhein,Ostschweiz,47.2483004,9.4801995
Sturzflut 2,02.05.2013,Sturzflut in Stetten (SH) - Freudental,Stetten,47.3994584,8.3074009
Sturzflut 2,02.05.2013,Sturzflut in Sulz (AG),Sulz,47.5347382,8.0961846
Sturzflut 1,02.05.2013,Sturzflut in Ebnat-Kappel (SG),Ebnat Kappel,47.2635337,9.1233561
Sturzflut 1,02.05.2013,Sturzflut in Grandvaux (VD),Grandvaux,46.4941972,6.7161306
Hochwasser,11.11.2012,Starkregen und Hochwasser in der Westschweiz,Westschweiz,46.57714235,6.446213791
Hochwasser,10.10.2012,Hochwasser im Kanton Aargau an Uerke und Suhre,Aargau,47.412396,8.1948321
Hochwasser,10.10.2012,Ergiebige Niederschläge an den östlichen Voralpen,östliche Voralpen,47.10487133,9.238975791
Hochwasser,27.09.2012,Hochwasser im Kanton Tessin an der Maggia,Tessin,46.3351913,8.7525902
Sturzflut 3,20.08.2012,Sturzflut im Val Tuors (GR),Tuors,46.6432096,9.802264408
Hochwasser,20.08.2012,50+ jährliches Hochwasser am Adelbodner Allenbach (BE),Adelboden,46.4927213,7.5587618
Sturzflut 1,20.08.2012,Kleine Sturzflut in Winterthur (ZH),Winterthur,47.4991723,8.7291498
Sturzflut 1,20.08.2012,"Sturzflut am Ostufer des Sihlsees, Willerzell (SZ), Euthal (SZ)",Sihlsee,47.12019047,8.785907395
Sturzflut 2,20.08.2012,Sturzflut in Zollbrück (BE),Zollbrück,46.9749427,7.7354264
Sturzflut 1,28.07.2012,Sturzflut im Bezirk Liestal (BL),Liestal,47.4839723,7.7347783
Sturzflut 1,25.07.2012,Sturzflut in Unterwasser (SG),Unterwasser,47.197779,9.3089893
Sturzflut 1,06.07.2012,Sturzflut in Rheinfelden (AG) und Schwörstadt (D),Rheinfelden,47.5543859,7.7922905
Sturzflut 1,05.07.2012,Sturzflut in Trogen und Gais (AR),Gais,47.3625034,9.4542517
Hochwasser,04.07.2012,Hochwasser Zulg (BE),Zulg,46.7813816,7.7295565
Sturzflut 2,04.07.2012,Sturzflut im Schangau (BE),Schangau,46.82562316,7.864362173
Sturzflut 3,04.07.2012,Sturzflut im Eriztal (BE),Eriztal,46.78831018,7.777738064
Sturzflut 1,03.07.2012,Sturzflut in Dübendorf (ZH),Dübendorf,47.3969942,8.6185666
Hochwasser,02.07.2012,Hochwasser Obergoms (VS),Obergoms,46.5388107,8.363232248
Sturzflut 1,07.06.2012,Sturzflut in Meierskappel (LU),Meierskappel,47.1239632,8.4435423
Hochwasser,10.10.2011,"Erdrutsche und Hochwasser im Berner Oberland, Oberwallis und in der Innerschweiz",Berner Oberland,46.5668072,8.020541882
Sturzflut 1,10.10.2011,Sturzflut im Gasterntal BE,Gasterntal,46.4551539,7.6996096
Sturzflut 1,10.10.2011,Sturzflut im Lötschental VS,Lötschental,46.4129942,7.8076294
Sturzflut 1,11.09.2011,Sturzflut von Ennetmoos bis Buochs (NW),Buochs,46.9739978,8.4205883
Sturzflut 1,04.09.2011,Grosse Regenmengen im Bezirk Wasseramt (SO),Wasseramt,47.1886542,7.59369913
Sturzflut 3,18.08.2011,Sturzflut in und um Giswil (OW),Giswil,46.838175,8.1880027
Sturzflut 2,15.08.2011,Lokale Sturzflut im Tösstal,Tösstal,47.4011464,8.8582381
Sturzflut 3,27.07.2011,Sturzflut zwischen Rüti (ZH) und Wald (ZH),Rüti,47.2579312,8.852696
Sturzflut 3,13.07.2011,Sturzflut von Sonogno bis Giornico (TI),Giornico,46.4017493,8.8766129
Hochwasser,10.07.2011,Hochwasser der Goldach und der Necker (SG),Goldach,47.4293365,9.4551967
Sturzflut 2,10.07.2011,Verheerende Sturzflut in Herisau (AR),Herisau,47.38555,9.2787571
Sturzflut 2,07.07.2011,Rekord-Gewitterregen / Sturzflut in Lugano (TI),Lugano,46.0050102,8.9520281
Hochwasser,29.06.2011,Ergiebige Niederschläge Voralpen insbesondere Kanton Schwyz,Schwyz,47.0571976,8.7222073
Sturzflut 2,29.06.2011,Sturzflut zwischen Grafenort (OW) und Wolfenschiessen (NW),Grafenort,46.870018,8.372696
Sturzflut 2,29.06.2011,Sturzflut bei Blumenstein (BE),Blumenstein,46.7412152,7.5208259
Sturzflut 1,14.06.2011,Kleine lokal eng begrenzte Sturzflut in Niedergösgen (SO),Niedergösgen,47.3731476,7.9926844
Hochwasser,29.07.2010,Hochwasser im Oberaargau (BE) und in der Region Willisau (LU),Willisau,47.1215184,7.99659
Sturzflut 3,12.07.2010,Sturzflut Krauchthal (GL) - Schilstal (SG),Krauchthal,47.0080399,7.5669873
Sturzflut 2,12.07.2010,Sturzflut im Klöntal (GL),Klöntal,47.0223734,8.9458155
Sturzflut 3,12.07.2010,Sturzflut Muotathal - Ibergeregg (SZ),Muotathal,46.974668,8.7658029
Sturzflut 2,12.07.2010,Sturzflut im Bevertal (GR),Bevertal,46.55019271,9.890761422
Sturzflut 2,10.07.2010,Sturzflut am Hönggerberg (ZH),Hönggerberg,47.4167952,8.4911692
Sturzflut 2,10.07.2010,Sturzflut bei Saanen (BE),Saanen,46.489756,7.2615837
Sturzflut 2,06.06.2010,Sturzflut Naturpark Gantrisch (BE),Gantrisch,46.7046865,7.450763
Sturzflut 3,06.06.2010,Sturzflut Wasseramt (SO),Wasseramt,47.1886542,7.59369913
Hochwasser,13.05.2010,Überschwemmungen im Klettgau und Rafzerfeld (ZH),Rafzerfeld,47.5853738,8.5119596
Sturzflut 1,28.04.2009,Ergiebige Niederschläge/Schneefälle auf der Alpensüdseite,Alpensüdseite,46.53285834,8.608945434
Sturzflut 2,05.11.2008,Starkniederschläge auf der Alpensüdseite,Alpensüdseite,46.53285834,8.608945434
Sturzflut 2,07.09.2008,Starkniederschläge Nordtessin,Nordtessin,46.42453794,8.817567892
Sturzflut 1,01.09.2008,Sturzflut im Surbtal,Surbtal,47.5457982,8.2916659
Sturzflut 1,30.07.2008,Sturzflut bei Marly (FR),Marly,46.7747743,7.1601827
Sturzflut 1,30.07.2008,Sturzflut im Gebiet Kemmeriboden (BE),Kemmeriboden,46.8004689,7.9391053
Sturzflut 1,26.06.2008,Sturzflut im Maggiatal (TI),Maggia,46.2754931,8.6747843
Sturzflut 1,02.06.2008,Sturzflut in Abtwil/Waldkirch (SG),Abtwil,47.17450967,8.353862028
Sturzflut 1,30.05.2008,Sturzflut in und um Freiburg (FR),Freiburg,46.6789116,7.1027113
Sturzflut 2,22.04.2008,Starkniederschläge Deutschschweiz,Deutschschweiz,47.35127784,8.730015506
Sturzflut 2,29.08.2007,Schweres Unwetter im Seeland (u.a. Lyss (BE)),Seeland,47.0803782,7.32932206
Hochwasser,09.08.2007,Starkregen und Hochwasser in der gesamten Schweiz (u.a. Laufen (BL)),Schweiz,46.7985624,8.2319736
Sturzflut 2,20.06.2007,Schweres Unwetter im Gebiet Einsiedeln (u.a. Gross (SZ)),Einsiedeln,47.12845591,8.743185997
Sturzflut 2,08.06.2007,Schweres Unwetter am Napf (Nordseite) (u.a. Huttwil (BE)),Napf,47.0040019,7.9399419
Sturzflut 1,07.06.2007,Sturzflut im Appenzell,Appenzell,47.3299506,9.4099311
Sturzflut 1,07.06.2007,Sturzflut im Schwyzer Talkessel,Schwyz,47.0571976,8.7222073
Sturzflut 3,07.06.2007,Sturzflut in und um Studen (BE),Studen,47.1115124,7.3012333
Sturzflut 1,04.06.2007,Sturzflut in und um Schaffhausen (SH),Schaffhausen,47.6960491,8.634513
Sturzflut 1,21.05.2007,Sturzflut und Erdrutsche bei Glovelier (JU),Glovelier,47.3343698,7.2044997
Sturzflut 1,21.05.2007,Sturzflut im Mutzbach-Täli bei Riedtwil (BE),Riedtwil,47.14218307,7.694679245
Sturzflut 2,03.10.2006,Quasistationäre Gewitterlinie bringt intensiven Gewitterregen im Raum Locarnese und Misox,Locarnese,46.1690805,8.7944919
Hochwasser,18.09.2006,Starkniederschläge und Hochwasser an den zentralen und östlichen Voralpen,östliche Voralpen,47.10487133,9.238975791
Sturzflut 3,24.08.2006,Sintflutartiger Gewitterregen mit anschliessender Sturzflut in Lugano,Lugano,46.0050102,8.9520281
Sturzflut 1,26.04.2006,Sturzflut im Raum Koblenz (AG),Koblenz,47.6088321,8.2386953
Hochwasser,10.04.2006,Starkniederschläge und Hochwasser im zentralen Mittelland,zentrales Mittelland,47.24430628,7.699401874
Hochwasser,24.08.2005,Jahrhunderthochwasser nördliche Voralpen,nördliche Voralpen,47.08331099,8.701207455
Hochwasser,01.06.2004,Stauniederschläge und Hochwasser an den nördlichen Voralpen,nördliche Voralpen,47.08331099,8.701207455
Sturzflut 3,29.08.2003,"Sturzflut in Locarno Monti,",Locarno Monti,46.17180687,8.790695956
Sturzflut 1,29.08.2003,Sturzflut im Bleniotal (TI),Bleniotal,46.48924194,8.91778017
Sturzflut 3,15.06.2003,Heftiger Gewitterregen im östlichen Teil des Kantons Obwalden,Obwalden,46.8613857,8.2067825
Hochwasser,12.06.2003,Sturzflut am Aettenberg (Gemeinde Plaffeien) und Hochwasser an der Sense,Plaffeien,46.741454,7.2865098
Sturzflut 3,07.06.2003,Heftiger Gewitterregen im Kanton Luzern,Luzern,47.0505452,8.3054682
Sturzflut 2,06.06.2003,Heftiger Gewitterregen und Murgänge in der Zentralschweiz und der Region um Bern,Bern,46.9484742,7.4521749
Hochwasser,05.06.2003,Überschwemmungen nach stationärem Gewitter in Hergiswil bei Willisau (LU),Hergiswil,46.9840938,8.3104542
Hochwasser,02.06.2003,Überschwemmungen und Erdrutsche nach heftigem und blitzreichem Morgengewitter in Entlebuch (LU),Entlebuch,46.9922358,8.0645622
Sturzflut 3,28.05.2003,Starker Gewitterregen in der Region um Liestal (BL),Liestal,47.4839723,7.7347783
Sturzflut 1,16.11.2002,Schlammlawine in Schlans (GR),Schlans,46.7530958,9.015136
Sturzflut 1,01.09.2002,Heftiger Gewitterregen an den zentralen und östlichen Voralpen,östliche Voralpen,47.10487133,9.238975791
Sturzflut 2,26.08.2002,Sturzflut nach heftigem Gewitter bei Hünibach (BE),Hünibach,46.747135,7.6484293
Sturzflut 1,17.07.2002,Grosse Regenmengen in der Zentralschweiz,Zentralschweiz,47.057374,8.3108063
Sturzflut 2,16.07.2002,Sturzflut nach heftigem Gewitter im Napfgebiet,Napf,47.0040019,7.9399419
Sturzflut 1,04.05.2002,Starkniederschläge in der Zentralschweiz und im Nordtessin,Nordtessin,46.42453794,8.817567892
Sturzflut 1,24.05.2001,Starkregen in Döttingen (AG),Döttingen,47.5739904,8.2569004
Sturzflut 3,14.10.2000,Verheerende Sturzflut und Schlammlawine in Gondo (VS),Gondo,46.1958512,8.1399499
Sturzflut 3,12.09.1994,Sturzflut bei Lugano (TI),Lugano,46.0050102,8.9520281
Hochwasser,10.08.1994,Starker Gewitterregen im Tessin,Tessin,46.3351913,8.7525902
Sturzflut 3,06.08.1994,Sturzflut in Wädenswil (ZH),Wädenswil,47.2278988,8.6701365
Sturzflut 2,06.08.1994,Sturzflut im Wiggertal (LU),Wiggetal,47.16737785,7.994569632
Sturzflut 2,18.07.1994,Sturzflut von Wangen (SO) bis Niederbuchsiten (SO),Wangen,47.4107645,8.6458518
Sturzflut 1,18.07.1994,Sturzflut bei Bönigen (BE),Bönigen,46.6887343,7.8949281
Sturzflut 1,14.07.1994,Sturzflut bei Lausanne (VD),Lausanne,46.5218269,6.6327025
Sturzflut 2,06.07.1994,Sturzflut bei Heimberg (BE),Heimberg,46.7871081,7.605935
Sturzflut 2,06.07.1994,Sturzflut von Mogelsberg (SG) bis Flawil (SG),Mogelsberg,47.3607886,9.1358183
Sturzflut 1,04.07.1994,Sturzflut in Sennwald (SG),Sennwald,47.2615026,9.5037691
Sturzflut 1,24.06.1994,Sturzflut bei St. Stephan (BE),St.Stephan,46.49248095,7.397631333
Hochwasser,19.05.1994,Starkregen mit Hochwasser in der Nordschweiz,Nordschweiz,47.54701628,8.565424721
Sturzflut 2,25.04.1994,Sturzflut am Bachtel (ZH),Bachtel,47.2941899,8.885733
Hochwasser,14.10.1993,Hochwasser am Lago Maggiore (TI) und in Biasca (TI),Lago Maggiore,46.1388076,8.771122034
Hochwasser,24.09.1993,Starkregen mit Hochwasser der Saltina in Brig (VS),Brig,46.2845584,8.02942282
Sturzflut 3,22.09.1993,Rekordregen >100 mm innert 1 Stunde bei Camedo (TI),Camedo,46.1555267,8.6088308
Sturzflut 3,16.07.1993,Sturzflut bei Spreitenbach (AG) und Remetschwil (AG),Spreitenbach,47.4182444,8.3640342
Hochwasser,05.07.1993,Starker Gewitterregen mit Hochwasser (Innerschweiz bis Bodensee),Innerschweiz,47.00731182,8.681007863
Sturzflut 3,23.06.1993,Sturzflut in Horgen (ZH),Horgen,47.260692,8.5976831
Sturzflut 2,23.06.1993,Sturzflut bei Kriens (LU),Kriens,47.034146,8.2807994
Sturzflut 2,20.05.1993,Sturzflut bei Hüswil (LU),Hüswil,47.1285354,7.9058914
Hochwasser,31.08.1992,Starkregen mit Hochwasser im Tessin,Tessin,46.3351913,8.7525902
Hochwasser,22.12.1991,Starkregen durch Nordweststau an Alpen und Jura,Jurasüdfuss,47.26171797,7.629470457
Hochwasser,29.09.1991,Starker Gewitterregen im Tessin und Graubünden,Graubünden,46.6960615,9.6027351
Sturzflut 2,26.07.1991,Sturzflut bei Binningen (BL),Binningen,47.53656,7.570077
Hochwasser,11.05.1991,Starkregen in der Nordostschweiz,Ostschweiz,47.39133471,9.324529119
Sturzflut 2,29.07.1990,Sturzflut bei Oberiberg (SZ),Oberiberg,47.0391767,8.7834161
Sturzflut 3,29.07.1990,Sturzflut bei Moléson-Village (FR),Moleson-Village,46.5642031,7.0371126
Sturzflut 3,29.07.1990,Starker Gewitterregen und Sturzflut im Gantrisch-Gebiet (BE),Gantrisch,46.7046865,7.450763
Hochwasser,05.06.1990,Starker Gewitterregen im Tessin,Tessin,46.3351913,8.7525902
Hochwasser,14.02.1990,Starkregen mit Hochwasser durch Weststurm in den Voralpen,Voralpen,46.223644,8.027146
Hochwasser,27.08.1989,Starkregen im Kanton Schwyz,Schwyz,47.0571976,8.7222073
Sturzflut 2,17.08.1989,Sturzflut im Eigergebiet bei Grindelwald (BE),Eigergebiet,46.58573825,8.007656575
Sturzflut 2,10.07.1989,Sturzfluten im Entlebuch (LU),Entlebuch,46.9922358,8.0645622
Sturzflut 3,10.07.1989,Sturzflut bei Teuffenthal (BE),Teuffenthal,46.7689277,7.7106868
Sturzflut 1,10.06.1989,Sturzflut bei Menznau (LU),Menznau,47.0838106,8.040131
Hochwasser,04.12.1988,Starkregen in der Westschweiz,Westschweiz,46.57714235,6.446213791
Sturzflut 2,09.09.1988,Sturzflut bei Neuenburg (NE),Neuenburg,46.9895828,6.9292641
Hochwasser,20.08.1988,Starker Gewitterregen im Tessin und Graubünden,Graubünden,46.6960615,9.6027351
Sturzflut 3,15.08.1988,Sturzflut in der Stadt Zürich (ZH),Zürich,47.3744489,8.5410422
Sturzflut 3,02.08.1988,"Sturzflut in Lugano, 30.3mm / 10 min.",Lugano,46.0050102,8.9520281
Sturzflut 2,23.07.1988,Sturzflut bei Jaun (FR),Jaun ,46.6113953,7.2761312
Sturzflut 3,29.06.1988,Sturzflut bei Marbach (LU),Marbach,47.3919868,9.5686092
Sturzflut 3,16.06.1988,Sturzflut zwischen Willisau (LU) und Luzern (LU),Willisau,47.1215184,7.99659
Sturzflut 2,16.06.1988,Sturzflut nördlich von Delémont (JU),Delemont,47.3615882,7.354445
Sturzflut 1,12.06.1988,Sturzflut bei Schwarzenegg (BE),Schwarzegg,47.0139894,7.9091708
Sturzflut 2,11.06.1988,Sturzflut um Konolfingen (BE) und Grosshöchstetten (BE),Konolfingen,46.879415,7.6209846
Sturzflut 3,27.05.1988,"Sturzflut in Zürich-Affoltern, 30.3mm / 10 min.",Grosshöchstetten,46.9079431,7.6385085
Sturzflut 1,26.05.1988,Sturzflut bei Steffisburg (BE),Steffisburg,46.7774738,7.6354195
Sturzflut 1,13.05.1988,Sturzflut in Lyss (BE),Lyss,47.0721368,7.305262
Hochwasser,26.09.1987,Starkregen im Val-de-Travers und am Neuenburger- und Murtensee,Neuenburg,46.9895828,6.9292641
Sturzflut 1,04.09.1987,Sturzflut in Ammerzwil (BE),Ammerzwil,47.0708366,7.3417323
Sturzflut 1,04.09.1987,Sturzflut im unteren Baselbiet (BL),Baselbiet,47.5092938,7.6588333
Hochwasser,25.08.1987,"Sturzfluten und Hochwasser Gotthardregion, Alpenraum (UR, VS, TI)",Gotthardregion,46.60822573,8.638170082
Hochwasser,19.07.1987,"Sturzfluten und Hochwasser in der Südostschweiz (GR, TI)",Südostschweiz,47.0459321,9.4445121
Hochwasser,17.07.1987,Starker Gewitterregen am Langensee im Tessin,Tessin,46.3351913,8.7525902
Sturzflut 1,15.07.1987,Sturzflut im Kandertal (BE),Kandertal,46.5477312,7.6597437
Sturzflut 2,14.07.1987,Sturzflut im oberen Suldtal (BE),Suldtal,46.63861382,7.69059457
Sturzflut 1,08.07.1987,Sturzflut bei Yverdon (VD),Yverdon,46.7785711,6.6409158
Sturzflut 1,06.07.1987,Sturzflut bei Rüeggisberg (BE),Rüeggisberg,46.8214813,7.43971
Sturzflut 1,06.07.1987,Sturzflut bei Leissigen (BE),Leissigen,46.6540687,7.7738604
Sturzflut 1,03.07.1987,Sturzflut bei Oberlangenegg (BE),Oberlangenegg (BE),46.799803,7.734264
Sturzflut 2,03.07.1987,Sturzflut bei Wilderswil und im Habkerntal (BE),Habkerntal,46.73441014,7.86088114
Sturzflut 1,01.07.1987,Sturzflut bei Romont (FR),Romont,46.694829,6.9183328
Sturzflut 1,01.07.1987,Sturzflut bei Frauenkirch (GR),Frauenkirch,46.768961,9.8003567
Sturzflut 2,01.07.1987,Sturzflut an der Rigi-Nordlehne (SZ),Rigi,47.0566777,8.4852649
Sturzflut 3,01.07.1987,Sturzflut in Biembach im Emmental (BE),Biembach,47.0005638,7.6203997
Hochwasser,15.06.1987,Starkregen in den östlichen Voralpen,östliche Voralpen,47.10487133,9.238975791
Sturzflut 1,15.06.1987,Sturzflut im oberen Baselbiet (BL),Baselbiet,47.5092938,7.6588333
Sturzflut 2,11.08.1986,Sturzflut über dem Lütschental (BE),Lütschental,46.638529,7.947553
Sturzflut 2,23.06.1986,Sturzflut am Brünig (OW),Brünig,46.7572506,8.1359044
Sturzflut 1,20.06.1986,Sturzfluten im Luzerner Hinterland (LU),Luzern,47.0505452,8.3054682
Sturzflut 2,20.06.1986,Sturzflut bei Bözberg (AG),Bözberg,47.4859175,8.148582661
Sturzflut 1,20.06.1986,Sturzflut in Boll (BE),Boll (BE),46.9535536,7.5479955
Sturzflut 2,20.06.1986,Sturzflut in Melchnau (BE),Melchnau,47.1824376,7.8518093
Sturzflut 2,19.06.1986,Sturzflut im Balsthal (SO),Balsthal,47.3140365,7.6947764
Sturzflut 2,17.06.1986,Sturzflut bei Baar (ZG),Baar ,47.1951976,8.5253985
Sturzflut 2,16.06.1986,Sturzflut bei Bowil (BE) und Linden (BE),Bowil,46.8930567,7.6949602
Sturzflut 2,16.06.1986,Sturzflut in Jegenstorf (BE),Jegensdorf,47.04978035,7.506130097
Sturzflut 2,27.05.1986,Sturzflut bei Herisau (AR),Herisau,47.38555,9.2787571
Sturzflut 2,27.05.1986,Sturzflut im Freiamt (AG),Freiamt,47.2302283,8.3422897
Sturzflut 1,27.05.1986,Sturzflut bei Muttenz (BL),Muttenz,47.52764177,7.648189556
Sturzflut 3,23.05.1986,Sturzflut in Boll (BE),Boll (BE),46.9535536,7.5479955
Sturzflut 1,07.05.1986,Sturzflut bei Ueberstorf (FR),Ueberstorf ,46.8650568,7.3114056
Sturzflut 1,05.05.1986,Sturzflut bei Ueberstorf (FR),Ueberstorf ,46.8650568,7.3114056
Hochwasser,25.08.1985,Starkregen im Tessin und Graubünden,Tessin,46.3351913,8.7525902
Sturzflut 2,06.07.1985,Sturzflut im Oberen Baselbiet (BL),Baselbiet,47.5092938,7.6588333
Sturzflut 2,05.07.1985,Sturzflut bei Oberegg (AI),Oberegg,47.4229588,9.5505705
Sturzflut 3,04.07.1985,Sturzflut in Schwarzenburg (BE),Schwarzenburg,46.8179164,7.3411883
Sturzflut 1,04.06.1985,Sturzflut bei Plaffeien (FR),Plaffeien,46.741454,7.2865098
Sturzflut 1,28.05.1985,Sturzflut in Oppligen (BE),Oppligen,46.8199569,7.5955418
Hochwasser,05.09.1984,Starker Gewitterregen im Tessin und Graubünden,Graubünden,46.6960615,9.6027351
Sturzflut 1,10.08.1984,Sturzflut in Giswil (OW),Giswil,46.838175,8.1880027
Sturzflut 2,10.08.1984,Sturzflut in Wetzikon (ZH),Wetzikon,47.3226925,8.7980939
Sturzflut 2,25.07.1984,Sturzflut in Därligen (BE),Därligen,46.6606497,7.8094165
Sturzflut 2,25.07.1984,Sturzflut von Buochs (NW) über Gersau (SZ) bis Alpthal (SZ),Buochs,46.9739978,8.4205883
Hochwasser,26.11.1983,Starkregen in der Westschweiz,Westschweiz,46.57714235,6.446213791
Hochwasser,11.09.1983,Sturzfluten und Hochwasser im Tessin (TI) und im Moesa (GR),Tessin,46.3351913,8.7525902
Hochwasser,01.09.1983,Starker Gewitterregen am Langensee,Langensee,46.1388076,8.771122034
Sturzflut 2,23.08.1983,Sturzflut im Eriz (BE),Eriz,46.78758,7.798843
Sturzflut 2,03.08.1983,Sturzflut bei Heiden (AR) und Wald (AR),Heiden,47.4421715,9.532089
Sturzflut 1,06.07.1983,Sturzflut in Eggiwil (BE),Eggiwil,46.8752245,7.7974921
Sturzflut 2,06.07.1983,Sturzflut in Reutigen (BE),Reutigen,46.6942728,7.623712
Sturzflut 1,24.06.1983,Sturzflut in Tafers (FR),Tafers,46.8152805,7.2167886
Hochwasser,15.05.1983,Starkregen im Centovalli und in Südbünden,Centovalli,46.15545525,8.657803793
Hochwasser,26.09.1982,Starker Gewitterregen im Tessin,Tessin,46.3351913,8.7525902
Hochwasser,06.09.1982,Starker Gewitterregen am Langensee,Langensee,46.1388076,8.771122034
Sturzflut 1,15.08.1982,Sturzflut in Dallenwil (NW),Dallenwil,46.933072,8.3911486
Sturzflut 2,05.08.1982,Sturzflut und Hagel am Sempachersee (LU),Sempachersee,47.1458589,8.15272315
Hochwasser,24.07.1982,Starkregen in der Nordwestschweiz,Nordwestschweiz,47.34805285,7.907810551
Sturzflut 3,22.07.1982,Sturzflut bei Im Fang (FR),Fang,47.1778317,8.3670302
Hochwasser,22.09.1981,Starker Gewitterregen im Tessin,Tessin,46.3351913,8.7525902
Sturzflut 2,16.08.1981,Sturzflut im Muotathal (SZ),Muotathal,46.974668,8.7658029
Sturzflut 1,16.08.1981,Sturzflut bei Grindelwald (BE),Grindelwald,46.6242733,8.0367462
Sturzflut 2,16.08.1981,Sturzfluten von Ennetmoos (NW) bis Beckenried (NW),Ennetmoos,46.9569495,8.3374027
Sturzflut 2,08.08.1981,Sturzflut bei Thalwil (ZH),Thalwil,47.2944325,8.5635762
Sturzflut 3,06.08.1981,Sturzflut im Calancatal (GR),Calancatal,46.3307481,9.1217405
Hochwasser,18.07.1981,Starkregen am Alpennordhang,Alpennordhang,47.05713681,8.53260462
Sturzflut 1,11.07.1981,Sturzflut bei Grüningen (ZH),Grüningen,47.2819396,8.7613283
Sturzflut 1,10.07.1981,Sturzflut bei Bern (BE),Bern ,46.9484742,7.4521749
Sturzflut 2,10.07.1981,Sturzflut im Fricktal (AG),Fricktal,47.55611585,7.807021507
Sturzflut 3,09.07.1981,Sturzflut im Zulgtal (BE),Zulgtal,46.78411745,7.826470034
Sturzflut 2,03.08.1980,Sturzflut im Obergoms (VS),Obergoms,46.5388107,8.363232248
Sturzflut 2,29.07.1980,Sturzflut in Molinis und Trimmis Schanfigg (GR),Molinis,46.8265236,9.6550004
Sturzflut 1,26.07.1980,Sturzflut in Signau (BE),Signau,46.9188975,7.7255918
Sturzflut 1,26.07.1980,Sturzflut am Männlichen (BE),Männlichen,46.6181397,7.9380395
Sturzflut 1,26.07.1980,Sturzflut in Zeglingen (BL),Zeglingen,47.4171143,7.9063676
Sturzflut 1,06.06.1980,Sturzflut bei Moudon (VD),Moudon,46.6680664,6.8003478
Hochwasser,06.11.1979,Starkregen in den Voralpen,Voralpen,46.223644,8.027146
Hochwasser,14.10.1979,Starker Gewitterregen im Tessin,Tessin,46.3351913,8.7525902
Hochwasser,21.09.1979,Starkregen im St.Galler Rheintal und in Graubünden,Rheintal,47.1462903,9.501237675
Hochwasser,31.07.1979,Starker Gewitterregen im Südtessin,Tessin,46.3351913,8.7525902
Sturzflut 1,11.06.1979,Sturzflut bei Flamatt (FR),Flamatt,46.8894589,7.3110208
Sturzflut 3,01.06.1979,Schwere Sturzflut am Pilatus bei Hergiswil (NW) und im Eigenthal (LU),Pilatus,46.9706835,8.398695464
Sturzflut 1,31.05.1979,Sturzflut bei Genf (GE),Genf ,46.2017559,6.1466014
Hochwasser,08.08.1978,Jahrhunderthochwasser durch starke Gewitterregen in der Ost- und Südschweiz,Ostschweiz,47.2483004,9.4801995
Sturzflut 1,30.07.1978,Sturzflut bei Biel (BE),Biel ,47.1402077,7.2439029
Sturzflut 2,11.07.1978,Sturzflut bei Huttwil (BE) und Zell (LU),Huttwil,47.1147419,7.8455436
Hochwasser,20.03.1978,Starkregen in der Voralpen,Voralpen,46.223644,8.027146
Hochwasser,07.10.1977,Starker Gewitterregen im Tessin und am Simplon,Tessin,46.3351913,8.7525902
Sturzflut 2,17.08.1977,Sturzfluten von Brissago (TI) bis Locarno (TI) und bei Biasca (TI),Brissago,46.1200663,8.7121456
Hochwasser,31.07.1977,Starkregen mit Hochwasser in der Zentral- und Ostschweiz,Ostschweiz,47.2483004,9.4801995
Sturzflut 1,13.07.1977,Sturzflut bei Tafers (FR),Tafers,46.8152805,7.2167886
Sturzflut 2,10.07.1977,Sturzflut bei Muri (AG),Muri ,46.9290477,7.4870909
Sturzflut 2,07.07.1977,Sturzflut bei Schwenden im Diemtigtal (BE),Schwenden,46.5765132,7.4867992
Sturzflut 1,24.06.1977,Sturzflut bei Flamatt (FR),Flamatt,46.8894589,7.3110208
Sturzflut 2,21.05.1977,Sturzflut von Dottikon (AG) bis Niederwil (AG) im Unterfreiamt,Dottikon,47.3838825,8.241593
Hochwasser,29.10.1976,Starker Gewitterregen im Südtessin,Südtessin,45.87798965,8.975076564
Hochwasser,12.10.1976,Starker Gewitterregen im Tessin,Tessin,46.3351913,8.7525902
Hochwasser,28.09.1976,Starker Gewitterregen im Tessin,Tessin,46.3351913,8.7525902
Sturzflut 2,19.07.1976,Sturzflut von Kalchrain (TG) bis Eschenz (TG),Kalchrain,47.6108679,8.8892903
Sturzflut 3,19.07.1976,Schwere Sturzflut am Ägerisee (ZG),Ägerisee,47.12004885,8.621249265
Sturzflut 2,19.07.1976,Sturzflut in Lausanne (VD),Lausanne,46.5218269,6.6327025
Sturzflut 3,18.07.1976,Schwere Sturzflut in Morges (VD),Morges,46.5093268,6.498317
Sturzflut 2,30.09.1975,Sturzflut im Maggiatal bei Bosco-Gurin (TI),Maggiatal,46.2603889,8.6889808
Hochwasser,14.09.1975,Starker Gewitterregen im Tessin,Tessin,46.3351913,8.7525902
Sturzflut 2,30.08.1975,Sturzflut bei Madiswil (BE) mit Hochwasser der Langeten in Langenthal (BE),Madiswil,47.1648367,7.7968153
Hochwasser,23.08.1975,Starkregen entlang der östlichen Voralpen,östliche Voralpen,47.10487133,9.238975791
Sturzflut 1,21.08.1975,Sturzflut bei Einsiedeln (SZ),Einsiedeln,47.1286095,8.7500299
Hochwasser,18.07.1975,Starkregen mit Hochwasser im Prättigau (GR),Prättigau,46.9820099,9.6368062
Sturzflut 2,27.06.1975,Sturzflut bei Ermatingen (TG) und auf der Insel Reichenau (D),Ermatingen,47.6693246,9.0798991
Sturzflut 3,23.06.1975,Schwere Sturzflut in der Region Klettgau (SH) und im Kempttal bei Effretikon (ZH),Klettgau,47.6989763,8.526679827
Sturzflut 2,23.06.1975,Sturzflut im Birstal bei Grellingen (BL),Grellingen,47.4411563,7.5876358
Sturzflut 1,29.05.1975,Sturzflut bei Cudrefin (VD),Cudrefin,46.9560359,7.0183078
Sturzflut 2,22.08.1974,Sturzflut bei Büren Dallenwil (NW),Dallenwil,46.933072,8.3911486
Sturzflut 3,22.08.1974,Schwere Sturzflut in der Region Steffisburg (BE),Steffisburg,46.7774738,7.6354195
Sturzflut 1,18.08.1974,Sturzflut über dem Engstligental (BE),Engstligental,46.4963933,7.5745532
Sturzflut 2,25.07.1973,Sturzflut bei Oberdiessbach (BE),Oberdiessbach,46.8399962,7.6192848
Sturzflut 2,15.07.1973,Sturzflut im Gantrischgebiet (BE),Gantrischgebiet,46.70542893,7.450563919
Sturzflut 2,06.07.1973,Sturzflut bei Romanshorn (TG),Romanshorn (T,47.5654452,9.3776036
Hochwasser,23.06.1973,Starkregen im Jura (Birshochwasser) und im Zürcher Oberland,Jurasüdfuss,47.26171797,7.629470457
Sturzflut 1,13.06.1973,Sturzflut bei Kehrsatz (BE),Kehrsatz (BE),46.9119427,7.4731844
Sturzflut 1,01.06.1973,Sturzflut bei Signau (BE),Signau,46.92083112,7.725787083
Sturzflut 1,01.06.1973,Sturzflut bei Düdingen (FR),Düdingen (FR),46.849747,7.1904436
Hochwasser,22.11.1972,Aufgleitregen mit Hochwasser im zentralen- und östlichen Mittelland,zentrales Mittelland,47.24430628,7.699401874
Sturzflut 2,16.08.1972,Sturzflut bei Geltwil (AG),Geltwil,47.24895126,8.32173628
Sturzflut 2,26.07.1972,Sturzflut bei Oberhofen (BE),Oberhofen (BE,46.7313738,7.6687101
Sturzflut 2,24.07.1972,Sturzflut bei Couvet im Val-de-Travers (NE),Couvet,46.9261639,6.6343244
Sturzflut 3,24.07.1972,Sturzfluten am Napf und Hochwasser im Lutherntal,Napf,47.0041683,7.940072447
Hochwasser,21.07.1972,Ungewöhnlich starke Gewitterregen in der Ostschweiz,Ostschweiz,47.2483004,9.4801995
Sturzflut 2,21.07.1972,Sturzflut bei Walenstadt (SG),Walenstadt (S,47.1275818,9.3014533
Sturzflut 1,20.07.1972,Sturzflut bei Altstetten (ZH),Altstetten (Z,47.3874029,8.4860612
Sturzflut 3,18.07.1972,Sturzflut am Ärmighorn und Bildung des Tschingelsees (BE),Ärmighorn,46.54251902,7.714035649
Sturzflut 1,29.06.1972,Sturzflut bei Thayngen (SH) und im Schlattertal (TG),Thayngen (SH),47.7470005,8.7061689
Hochwasser,07.06.1971,Starkregen in der Linthebene und der Innerschweiz,Linthebene,47.12641101,9.087535317
Hochwasser,11.09.1970,Starker Gewitterregen im Tessin,Tessin,46.3351913,8.7525902
Hochwasser,17.08.1970,Hochwasser bei Hochdorf (LU) und Sempach (LU),Hochdorf (LU),47.1665361,8.2899709
Sturzflut 2,16.08.1970,Sturzflut am Jaunpass (FR),Jaunpass,46.5921588,7.3390803
Hochwasser,09.08.1970,Starkregen in den Ostalpen,Ostalpen,46.89969923,9.238771654
Sturzflut 2,28.07.1970,"Sturzfluten bei Lauenen (BE), Adelboden (BE), Wimmis (BE)",Lauenen (BE),46.4247066,7.3223985
Sturzflut 1,22.06.1970,Sturzflut bei Frauenfeld (TG),Frauenfeld (TG),47.5561915,8.8963347
Sturzflut 3,22.06.1970,Sturzfluten im Zürcher Oberland mit Hochwasser in Bauma (ZH),Zürcher Oberland,46.5869575,7.6464814
Sturzflut 2,22.06.1970,Sturzfluten am Zürichsee von Meilen (ZH) bis Uerikon (ZH),Zürichsee,47.27909555,8.597867996
Sturzflut 1,20.06.1970,Sturzflut über Zürich (ZH),Zürich,47.3744489,8.5410422
Sturzflut 1,03.09.1969,Sturzflut bei Frutigen (BE),Frutigen,46.5874205,7.6444369
Sturzflut 3,03.09.1969,Sturzflut am Murtensee (FR),Murtensee (FR),46.93121375,7.081947758
Sturzflut 2,05.07.1969,Sturzflut im Hochmoor Rothenthurm (SZ) und am Sihlsee (SZ),Rothenthurm,47.1047258,8.6748441
Sturzflut 2,05.07.1969,Sturzflut bei Emmenbrücke (LU) und am Zugersee (ZG),Emmenbrücke,47.077539,8.270942
Sturzflut 2,05.07.1969,Sturzflut bei Habkern (BE),Habkern,46.7276046,7.8646663
Hochwasser,02.11.1968,Starkregen und Hochwasser im Oberwallis und Tessin,Oberwallis,46.30188875,7.940752896
Hochwasser,21.09.1968,Starkregen und Hochwasser vom Bieler- bis zum Bodensee,Bielersee,47.08610345,7.171634002
Hochwasser,02.08.1968,Starker Gewitterregen vom Genfersee bis ins Emmental,Genfersee,46.44203667,6.500061185
Sturzflut 2,03.07.1968,Sturzflut bei Unterbeinwil (SO) und Meltingen (SO),Unterbeinwil ,47.3624165,7.570634591
Sturzflut 2,02.07.1968,Sturzflut bei Le Pâquier (FR) an der Nordflanke des Moléson,Le Pâquier,46.5950644,7.0527454
Sturzflut 3,28.05.1968,Sturzflut bei Münsingen (BE),Münsingen (BE),46.8739775,7.5631943
Sturzflut 2,21.07.1967,Sturzflut von Claro (TI) bis Grono (GR),Claro,46.2552548,9.0231951
Sturzflut 2,03.07.1967,Sturzflut bei Lienz (SG),Lienz,47.2774546,9.5160452
Sturzflut 1,03.07.1967,Sturzflut bei Burgistein (BE),Burgistein,46.7913175,7.500478
Sturzflut 3,07.06.1967,Sturzflut bei Sempach (LU),Sempachersee,47.1458589,8.15272315
Sturzflut 1,19.08.1966,Sturzflut bei Jaun (FR),Jaun,46.6113953,7.2761312
Sturzflut 1,15.08.1966,Sturzflut bei Genf (GE),Genf,46.2017559,6.1466014
Hochwasser,17.07.1966,Starkregen im Appenzellerland,Appenzell,47.3299506,9.4099311
Hochwasser,06.05.1966,Starkregen in der Surselva und im Südtessin,Surselva,46.6932128,9.004148664
Hochwasser,09.09.1965,Starker Gewitterregen mit Hochwasser im Tessin,Tessin,46.3351913,8.7525902
Hochwasser,22.08.1965,Starkregen in den Alpen,Alpen,46.38027065,8.871315788
Hochwasser,10.06.1965,"Starkregen in den Ostalpen mit Hochwasser am Bodensee, Thur, Murg und Rhein",Bodensee,47.5170476,9.505267395
Sturzflut 1,13.07.1964,Sturzflut bei Genf (GE),Genf,46.2017559,6.1466014
Sturzflut 1,23.05.1964,Sturzflut bei Burgistein (BE),Burgistein,46.7913175,7.500478
Hochwasser,04.05.1964,Starkregen in der Ostschweiz,Ostschweiz,47.2483004,9.4801995
Hochwasser,19.04.1964,Starkregen im Tessin und im Binntal (VS),Tessin,46.3351913,8.7525902
Sturzflut 2,06.08.1963,Sturzflut bei Grandchamp (NE),Grandchamp,46.9520225,6.8583713
Sturzflut 2,03.08.1963,Sturzflut bei Lausanne (VD),Lausanne (VD),46.5218269,6.6327025
Sturzflut 1,23.07.1963,Sturzflut bei La Chaux-de-Fonds (NE),La Chaux-de-Fonds,47.1031321,6.8325778
Sturzflut 1,22.07.1963,Sturzflut bei Estavayer-le-Lac (FR),Estavayer-le-Lac,46.8496406,6.8477378
Sturzflut 2,17.07.1963,Sturzflut bei Dielsdorf (ZH),Dielsdorf (ZH),47.4810371,8.4543245
Sturzflut 1,17.07.1963,Sturzflut in Bern (BE),Bern ,46.9484742,7.4521749
Sturzflut 2,17.07.1963,Sturzflut bei Aarau (AG),Aarau,47.3927146,8.0444448
Sturzflut 1,07.07.1963,Sturzflut bei Delémont (JU),Delémont (JU),47.3615882,7.354445
Sturzflut 2,11.06.1963,Sturzflut bei Pleigne (JU),Pleigne,47.4074958,7.292424
Sturzflut 2,10.06.1963,Sturzflut bei Gersau (SZ) und Brunnen (SZ),Gersau (SZ),46.9923,8.5264727
Sturzflut 2,10.06.1963,Sturzflut bei Malters (LU),Malters,47.0383996,8.1830555
Hochwasser,11.12.1961,Starkregen in Kanton Glarus,Glarus,46.9796562,9.108812
Sturzflut 1,26.06.1961,Sturzflut bei Courfaivre (JU) und Delémont (JU),Courfaivre ,47.3345207,7.2838079
Sturzflut 1,22.06.1961,Sturzflut bei Neuenburg (NE) und Yverdon (VD),Neuenburg (NE),46.9895828,6.9292641
Hochwasser,16.09.1960,Starker Gewitterregen in Graubünden und im Tessin,Graubünden,46.6960615,9.6027351
Sturzflut 1,28.08.1960,Sturzflut in Genf (GE),Genf,46.2017559,6.1466014
Hochwasser,18.08.1960,Starker Gewitterregen im Tessin (Langenseebecken),Tessin,46.3351913,8.7525902
Sturzflut 1,18.08.1960,Sturzflut in Riehen (BS),Riehen,47.5816927,7.6479737
Sturzflut 2,05.08.1960,Sturzfluten von Gersau (SZ) bis Rothenthurm (SZ),Gersau (SZ),46.9923,8.5264727
Sturzflut 1,31.07.1960,Sturzflut in Schaffhausen (SH),Schaffhausen,47.6960491,8.634513
Hochwasser,17.02.1960,Starkregen über Gryon (VD),Gryon,46.2746628,7.063671
Sturzflut 1,20.08.1959,Sturzflut am Harder (BE),Harder,46.6996817,7.856137506
Sturzflut 2,11.07.1959,Sturzflut am Piz Danis (GR),Piz Danis (GR),46.7376234,9.5072029
Sturzflut 2,10.07.1959,Sturzflut bei Leytron (VS),Leytron,46.1859543,7.2068108
Sturzflut 2,07.06.1959,Sturzflut bei Wattenwil (BE),Wattenwil (BE),46.7691764,7.5076613
Sturzflut 1,07.06.1959,Sturzflut in Zürich (ZH),Zürich,47.3744489,8.5410422
Hochwasser,07.06.1959,Starke Gewitterregen in der Ostschweiz,Ostschweiz,47.2483004,9.4801995
Sturzflut 1,06.06.1959,Sturzflut bei Saint-Ursanne (JU),Saint-Ursanne,47.3646034,7.1539488
Hochwasser,01.05.1959,Starkregen in der Nordostschweiz,Nordostschweiz,47.58507871,9.165618472
Hochwasser,01.10.1958,Starkregen am Gotthard,Gotthard,46.8998751,9.0294294
Sturzflut 1,31.08.1958,Sturzflut bei Ueberstorf (FR),Ueberstorf,46.8650568,7.3114056
Sturzflut 3,19.08.1958,Sturzflut im Binntal (VS) und über dem Simplon (VS),Binntal (VS),46.3636082,8.1825814
Sturzflut 1,06.08.1958,Sturzflut in Basel Binningen (BL) und Basel Bruderholz (BS),Basel Binningen,47.5410508,7.5835282
Sturzflut 1,20.07.1958,Sturzflut bei Saint-Maurice (VS),Saint-Maurice,46.20294015,7.007179656
Sturzflut 1,05.07.1958,Sturzflut bei Bretzwil (BL),Bretzwil (BL),47.3970067,7.6508005
Sturzflut 1,05.07.1958,Sturzflut bei Schaffhausen (SH),Schaffhausen ,47.6960491,8.634513
Sturzflut 1,01.07.1958,Sturzflut bei Malters (LU),Malters,47.0383996,8.1830555
Hochwasser,10.06.1958,Starkregen in den Voralpen,Voralpen,46.223644,8.027146
Sturzflut 1,27.05.1958,Sturzflut in Movelier (JU),Movelier,47.4093561,7.3180391
Hochwasser,27.05.1958,Starker Gewitterregen in Graubünden und im Tessin,Graubünden,46.6960615,9.6027351
Hochwasser,16.02.1958,Starkregen im Glarnerland,Glarnerland,47.1379405,9.049461429
Hochwasser,13.08.1957,Starker Gewitterregen in Graubünden und im Tessin,Graubünden,46.6960615,9.6027351
Sturzflut 1,26.06.1957,Sturzflut bei Spiez (BE),Spiez,46.6919473,7.6774655
Sturzflut 1,21.06.1957,Sturzflut bei Schwyz (SZ),Schwyz,47.0571976,8.7222073
Sturzflut 2,21.06.1957,Sturzflut bei Herisau (AR),Herisau,47.38555,9.2787571
Sturzflut 1,15.06.1957,Sturzflut in Genf (GE),Genf,46.2017559,6.1466014
Sturzflut 2,15.06.1957,Sturzflut bei Ueberstorf (FR) >Obermettlen (FR),Ueberstorf,46.8650568,7.3114056
Hochwasser,13.06.1957,Hochwasser in Täsch (VS),Täsch,46.0676751,7.7770173
Hochwasser,24.02.1957,Starkregen und Hochwasser im Toggenburg (SG),Toggenburg,47.180949,9.32019222
Sturzflut 1,10.09.1956,Sturzfluten in La Chaux-de-Fonds (NE) und im Bezirk Val-de-Ruz (NE),La Chaux-de-Fonds,47.1031321,6.8325778
Hochwasser,27.08.1956,Starker Gewitterregen im Tessin,Tessin,46.3351913,8.7525902
Sturzflut 2,10.08.1956,Sturzfluten am Napf bei Willisau (LU) und Luthern (LU),Napf,47.0040019,7.9399419
Sturzflut 1,14.07.1956,Sturzflut bei Leuk (VS),Leuk,46.27775645,7.66802023
Sturzflut 1,08.07.1956,Sturzflut bei Plaffeien (FR) und Schwarzsee (FR),Plaffeien,46.741454,7.2865098
Sturzflut 2,06.06.1956,Sturzflut in Appenzell (AI),Appenzell,47.3299506,9.4099311
Sturzflut 2,04.09.1955,Sturzflut bei La Sagneule (NE) und Rochefort (NE),La Sagneule,47.0054637,6.80047728
Sturzflut 1,14.07.1955,Sturzflut bei Cornaux (NE),Cornaux,47.0383306,7.0188056
Sturzflut 1,14.07.1955,Sturzflut bei Neuenegg (BE) und Wünnewil (FR),Neuenegg,46.895472,7.3034416
Sturzflut 2,13.07.1955,Sturzflut am Randen bei Siblingen (SH),Randen,47.79784875,8.586608972
Hochwasser,14.07.1955,Starke Gewitterregen und Hochwasser im Kanton Zürich,Zürich,47.3744489,8.5410422
Sturzflut 1,12.07.1955,Sturzfluten bei Saint-Ursanne (JU) und Rebeuvelier (JU),Saint-Ursanne,47.3646034,7.1539488
Sturzflut 1,11.07.1955,Sturzflut in Bern (BE),Bern ,46.9484742,7.4521749
Sturzflut 1,26.06.1955,Sturzflut bei Saint-Blaise (NE),Saint-Blaise,47.0130836,6.9879483
Sturzflut 2,25.06.1955,Sturzflut bei Wintersingen (BL),Wintersingen ,47.4949559,7.823229
Sturzflut 1,19.06.1955,Sturzflut bei Bottmingen (BL),Bottmingen,47.5234501,7.5748727
Hochwasser,09.12.1954,Starkregen im Tessin,Tessin,46.3351913,8.7525902
Sturzflut 2,07.09.1954,Sturzflut bei Plasselb (FR) und Ueberstorf (FR),Plasselb (FR),46.7354779,7.2516771
Hochwasser,22.08.1954,Starkregen und Hochwasser in der Schweiz,Schweiz,46.7985624,8.2319736
Hochwasser,01.07.1954,Starkregen von Muotatal (SZ) über den Walensee bis nach Appenzell,Muotathal,46.974668,8.7658029
Sturzflut 2,22.06.1954,Sturzflut am Fronalpstock bei Morschach (SZ) und bei Sarnen (OW),Morschach (SZ),46.9821204,8.6191516
Sturzflut 3,21.06.1954,Sturzflut bei Winterthur (ZH),Winterthur (ZH),47.4991723,8.7291498
Sturzflut 1,30.06.1953,Sturzflut bei Hundwil (AR),Hundwil,47.3656744,9.3182713
Sturzflut 2,30.06.1953,Sturzflut bei Horw (LU) und Luzern (LU),Horw,47.0185008,8.3107797
Hochwasser,26.06.1953,Starkregen mit Hochwasser vom Zürich- bis zum Walensee,Zürichsee,47.27909555,8.597867996
Sturzflut 1,22.06.1953,Sturzfluten bei Langnau im Emmental (BE),Langnau,46.9392339,7.7882673
Sturzflut 1,09.06.1953,Sturzflut bei Herisau (AR),Herisau,47.38555,9.2787571
Hochwasser,09.06.1953,Starkregen in der Westschweiz,Westschweiz,46.57714235,6.446213791
Hochwasser,06.09.1952,Starker Gewitterregen im Tessin,Tessin,46.3351913,8.7525902
Hochwasser,22.11.1951,Hochwasser am Lago Maggiore und am Lago di Lugano,Lago di Lugano,45.9696586,8.959775084
Hochwasser,22.10.1951,Starker Gewitterregen im Südtessin,Südtessin,45.87798965,8.975076564
Hochwasser,08.08.1951,Starker Gewitterregen im Tessin,Tessin,46.3351913,8.7525902
Sturzflut 3,11.07.1951,Sturzflut am Napf bei Willisau (LU) und bei Hergiswil (LU),Napf,47.0040019,7.9399419
Sturzflut 1,25.06.1951,Sturzflut bei Waldenburg (BL),Waldenburg,47.3833615,7.7485063
Hochwasser,11.02.1951,Starkregen im Centovalli und im Gotthardgebiet,Gotthardgebiet,46.60822573,8.638170082
Hochwasser,20.01.1951,Starkregen im Glarnerland und Prättigau,Prättigau,46.9820099,9.6368062
Hochwasser,16.11.1950,Starkregen im Alpenvorland,Alpenvorland,46.96560373,8.540478243
Hochwasser,11.11.1950,Starkregen in der Westschweiz,Westschweiz,46.57714235,6.446213791
Sturzflut 1,25.08.1950,Sturzflut bei Morges (VD),Morges,46.5093268,6.498317
Sturzflut 1,17.06.1950,Sturzflut in Bümplitz (BE),Bümplitz,46.93984645,7.389877448
Sturzflut 2,01.09.1949,Sturzflut bei Flühli (LU),Flühli,46.8840067,8.01564
Hochwasser,04.09.1948,Starke Stauniederschläge im Oberwallis und im Tessin,Oberwallis,46.30188875,7.940752896
Hochwasser,10.08.1948,Starker Gewitterregen im Südtessin,Südtessin,45.87798965,8.975076564
Sturzflut 1,02.08.1948,Sturzflut bei Urdorf (ZH),Urdorf,47.384708,8.4259004
Sturzflut 3,02.08.1948,Sturzflut bei Bruggen St. Gallen (SG),Bruggen,47.41031,9.3345864
Sturzflut 3,02.08.1948,Sturzflut im Eigenthal (LU),Eigenthal (LU),47.0088291,8.2112182
Sturzflut 2,02.08.1948,Sturzflut bei Reichenburg (SZ),Reichenburg,47.1691793,8.9754615
Sturzflut 1,01.08.1948,Sturzflut bei Leytron (VS),Leytron,46.1859543,7.2068108
Sturzflut 2,01.08.1948,Sturzflut bei Rechthalten (FR) und im Schwarzseetal (FR),Rechthalten,46.7675326,7.2400909
Sturzflut 1,29.07.1948,Sturzflut bei Saint-Brais (JU),Saint-Brais,47.3053022,7.1125855
Hochwasser,19.06.1948,Starkregen im Graubünden und im Tessin,Tessin,46.3351913,8.7525902
Hochwasser,25.09.1947,Starkregen im Südtessin und im Oberwallis,Oberwallis,46.30188875,7.940752896
Hochwasser,08.07.1947,Starker Gewitterregen im Tessin,Tessin,46.3351913,8.7525902
Sturzflut 2,14.07.1946,Sturzflut bei Zollikon (ZH) und Küsnacht (ZH),Zollikon (ZH),47.3379535,8.5755735
Sturzflut 1,02.07.1946,Sturzflut am Frümserberg (SG),Frümserberg ,47.09208811,9.287604528
Sturzflut 2,02.07.1946,Sturzflut bei Grandson (VD),Grandson (VD),46.8086306,6.6417532
Sturzflut 1,01.07.1946,Sturzflut bei Trimmis (GR),Trimmis,46.8970804,9.5634251
Hochwasser,13.06.1946,Starkregen in der Zentralschweiz und im Zürcher Oberland,Zürcher Oberland,46.5869575,7.6464814
Sturzflut 2,25.05.1946,Sturzflut bei Signau (BE),Signau,46.9188975,7.7255918
Hochwasser,29.10.1945,Starke Stauniederschläge im Tessin,Tessin,46.3351913,8.7525902
Hochwasser,10.08.1945,Heftiger Landregen im Juragebiet der Nordschweiz,Jurasüdfuss,47.26171797,7.629470457
Sturzflut 3,10.07.1945,Sturzflut im Entlebuch (LU),Entlebuch (LU),46.9922358,8.0645622
Hochwasser,24.11.1944,Schneeschmelze und Dauerregen > Hochwasser im Seeland und im Simmental,Simmental (BE),46.657719,7.469597
Hochwasser,08.11.1944,Heftiger Dauerregen im Jura und Alpengebiet,Jura,47.3566699,7.1598893
Sturzflut 2,24.08.1944,Sturzflut bei Linthal (GL) mit Rückstau der Linth,Linthal (GL) ,46.918987,8.99714
Sturzflut 3,24.08.1944,Sturzflut in Luzern (LU),Luzern,47.0505452,8.3054682
Sturzflut 2,24.08.1944,Sturzflut im Entlebuch bei Marbach (LU) und Escholzmatt (LU),Entlebuch,46.9922358,8.0645622
Sturzflut 2,24.08.1944,Sturzflut bei Zweisimmen (BE) und Därstetten (BE),Zweisimmen,46.553261,7.3738058
Sturzflut 2,29.06.1944,Sturzflut bei Im Fang (FR),Fang,47.1778317,8.3670302
Hochwasser,25.09.1943,Starke Stauniederschläge im Tessin (Centovalli),Centovalli,46.15545525,8.657803793
Hochwasser,31.10.1942,Starke Stauniederschläge im Tessin und Hinterrhein,Hinterrhein,46.5605407,9.3427813
Hochwasser,03.08.1942,Starke Gewitterniederschläge im Tessin,Tessin,46.3351913,8.7525902
Sturzflut 2,25.06.1942,Sturzflut bei Steffisburg (BE) und Thun (BE),Steffisburg,46.7774738,7.6354195
Sturzflut 1,25.06.1942,Sturzflut bei Lütschental (BE),Lütschental,46.638529,7.947553
Sturzflut 2,12.06.1942,Sturzflut über dem Engelberg bei Safenwil (AG),Engelberg,46.8223497,8.4043996
Sturzflut 3,13.05.1942,Sturzflut bei Gauglera (FR),Gauglera (FR),46.75200073,7.24940506
Hochwasser,14.11.1940,Starkregen in der Westschweiz,Westschweiz,46.57714235,6.446213791
Hochwasser,07.07.1940,Starker Gewitterregen im Tessin,Tessin,46.3351913,8.7525902
Sturzflut 2,03.07.1940,Sturzflut bei Altstätten (SG),Altstätten (SG),47.3782189,9.5413964
Sturzflut 1,22.06.1940,Sturzflut bei Appenzell (AI),Appenzell,47.3299506,9.4099311
Hochwasser,29.05.1940,Starkregen in der Nordostschweiz,Nordostschweiz,47.58507871,9.165618472
Hochwasser,17.11.1939,Starkregen im Glarnerland und den Alpen,Glarnerland,47.1379405,9.049461429
Sturzflut 3,25.08.1939,Sturzflut am Bachtel (ZH),Bachtel,47.2941899,8.885733
Sturzflut 3,05.08.1939,Sturzflut in Altdorf (UR),Altdorf,46.8820732,8.6413922
Hochwasser,05.08.1939,Starkregen im Tessin und der Zentralschweiz mit Hochwasser,Tessin,46.3351913,8.7525902
Hochwasser,21.05.1939,Starkregen im Appenzellerland bei Teufen (AR),Teufen,47.392763,9.3947222
Hochwasser,13.08.1938,Starkregen im Kanton Schwyz und im Glarnerland,Kanton Schwyz,47.0571976,8.7222073
Sturzflut 1,01.08.1937,Sturzflut bei Mitholz (BE),Mitholz,46.5290139,7.6755806
Sturzflut 1,31.07.1937,Sturzflut bei Monthey (VS),Monthey,46.252844,6.9478263
Sturzflut 2,20.07.1937,Sturzflut bei Heiligenschwendi (BE),Heiligenschwendi,46.750388,7.68459
Sturzflut 1,01.06.1937,Sturzflut bei Wintersingen (BL) und Liestal (BL),Wintersingen ,47.4949559,7.823229
Hochwasser,03.12.1936,Starkregen in den Waadtländer Alpen bei Brienz und im Glarnerland,Brienz,46.7560001,8.0303006
Sturzflut 3,04.09.1936,Sturzflut bei Schüpfheim (LU) und Escholzmatt (LU),Schüpfheim,46.9517174,8.017953
Sturzflut 1,16.08.1936,Sturzflut im Suldtal (BE),Suldtal,46.62224231,7.766133009
Sturzflut 1,16.08.1936,Sturzflut bei Rolle (VD) und Aubonne (VD),Rolle (VD),46.4601563,6.3380469
Hochwasser,15.07.1936,Hochwasser am Bodensee Steckborn +5.30m,Steckborn,47.6653429,8.9815246
Sturzflut 1,12.01.1936,Starkregen in der Nordostschweiz mit Hochwasser der Thur,Nordostschweiz,47.58507871,9.165618472
Hochwasser,28.10.1935,Starkregen in den Alpen und Hochwasser am Sarnersee (OW),Sarnersee,46.8677372,8.2164418
Hochwasser,04.10.1935,Starker Dauerregen im Tessin,Tessin,46.3351913,8.7525902
Hochwasser,30.09.1935,Starker Gewitterregen in der Westschweiz,Westschweiz,46.57714235,6.446213791
Hochwasser,05.07.1935,Hochwasser am Bodensee Berlingen +5.31m,Bodensee,47.5170476,9.505267395
Sturzflut 2,03.07.1935,Sturzflut bei Lachen (SZ),Lachen,47.1923827,8.8523833
Hochwasser,09.09.1934,Extremer Gewitterregen in der Innerschweiz,Innerschweiz,47.00731182,8.681007863
Hochwasser,03.08.1934,Starker Gewitterregen im Tessin,Tessin,46.3351913,8.7525902
Sturzflut 1,12.08.1933,Sturzflut bei Stechelberg (BE),Stechelberg,46.5450161,7.9021989
Sturzflut 2,09.07.1933,Sturzflut bei Weggis (LU),Weggis,47.0322545,8.4346408
Sturzflut 1,07.07.1933,Sturzflut bei Olten (SO),Olten,47.3496571,7.903787
Hochwasser,21.06.1933,Starkregen im Tessin und Reusstal (UR),Reusstal,47.4091762,8.283316949
Sturzflut 2,27.09.1932,Starkregen im Centovalli (TI),Centovalli ,46.15545525,8.657803793
Sturzflut 3,22.09.1932,Sturzflut bei Crana-Torricella (TI),Crana-Torricella,46.07374184,8.893509263
Sturzflut 2,20.07.1932,Sturzflut bei Schaffhausen (SH) und Haidenhaus (TG),Schaffhausen ,47.6960491,8.634513
Sturzflut 1,19.07.1932,Sturzflut bei Glovelier (JU),Glovelier (JU),47.3343698,7.2044997
Hochwasser,09.07.1932,Starkregen mit Hochwasser in der Nordostschweiz,Nordostschweiz,47.58507871,9.165618472
Sturzflut 2,29.06.1932,Sturzflut bei Herisau (AR),Herisau,47.38555,9.2787571
Sturzflut 1,28.06.1932,Sturzflut bei Fischenthal (ZH),Fischenthal,47.3333136,8.9225988
Sturzflut 2,05.08.1931,Sturzflut bei Kägiswil (OW),Kägiswil (OW),46.9226842,8.2611528
Sturzflut 2,29.05.1931,Sturzflut im Bigenthal (BE),Bigenthal (BE),46.9668702,7.6250052
Sturzflut 3,29.05.1931,Sturzflut im Surbtal von Bad Zurzach (AG) bis Baden (AG),Bad Zurzach (AG),47.5866477,8.2940658
Hochwasser,20.05.1931,Starkregen im Kanton Zürich,Zürich,47.3744489,8.5410422
Hochwasser,29.11.1930,Starkregen im Tessin,Tessin,46.3351913,8.7525902
Hochwasser,23.07.1930,Starkregen im Tessin,Tessin,46.3351913,8.7525902
Sturzflut 1,06.07.1930,Sturzflut bei Lutry (VD) und Grandvaux (VD),Lutry (VD),46.5032766,6.6867879
Sturzflut 1,01.07.1930,Sturzflut im Simmental (BE),Simmental (BE),46.657719,7.469597
Sturzflut 3,23.06.1930,Sturzflut am Hörnli bei Bauma (ZH),Hörnli,47.3709273,8.9417546
Sturzflut 1,02.06.1930,Sturzflut bei Choindez (JU) und am Bielersee (BE),Choindez (JU),47.32040575,7.380039389
Hochwasser,14.05.1930,Tauwetter und Dauerregen > Hochwasser an Limmat - Töss - Thur,Limmattal,47.42022865,8.383647495
Sturzflut 2,29.04.1930,Sturzflut im Eigenthal (LU),Eigenthal (LU),47.0088291,8.2112182
